{
    "afghanistan": {
        "correlation": NaN,
        "pvalue": NaN
    },
    "albania": {
        "correlation": 0.9613312487439378,
        "pvalue": 0.9999999777996001
    },
    "algeria": {
        "correlation": 0.879474161679016,
        "pvalue": 0.999983015675002
    },
    "angola": {
        "correlation": 0.9956043956043955,
        "pvalue": 0.9999999999999485
    },
    "antigua and barbuda": {
        "correlation": 0.12127901527811503,
        "pvalue": 0.6601992246263828
    },
    "argentina": {
        "correlation": -0.1507793890627702,
        "pvalue": 0.30344299616545123
    },
    "armenia": {
        "correlation": -0.2422907488986784,
        "pvalue": 0.20197447767976545
    },
    "australia": {
        "correlation": -0.8523993627429229,
        "pvalue": 5.3890270179614434e-05
    },
    "austria": {
        "correlation": -0.8723688757106989,
        "pvalue": 2.356992316286126e-05
    },
    "azerbaijan": {
        "correlation": 0.7766781377511844,
        "pvalue": 0.9994572218990614
    },
    "bahamas": {
        "correlation": -0.3995545668124813,
        "pvalue": 0.07847719872657388
    },
    "bangladesh": {
        "correlation": NaN,
        "pvalue": NaN
    },
    "barbados": {
        "correlation": 0.510451353989447,
        "pvalue": 0.9689138428737976
    },
    "belarus": {
        "correlation": 0.9282583323817748,
        "pvalue": 0.9999991578888253
    },
    "belgium": {
        "correlation": -0.7938301417073478,
        "pvalue": 0.00034978257769794756
    },
    "belize": {
        "correlation": 0.7078318763557185,
        "pvalue": 0.9976897103639645
    },
    "benin": {
        "correlation": 0.3411940491646585,
        "pvalue": 0.8837321627071015
    },
    "bermuda": {
        "correlation": -0.4761977762298778,
        "pvalue": 0.042594968317667264
    },
    "bolivia": {
        "correlation": -0.06082948192387112,
        "pvalue": 0.41817185233082754
    },
    "bosnia and herzegovina": {
        "correlation": 0.7695704787647664,
        "pvalue": 0.9993558137313585
    },
    "botswana": {
        "correlation": 0.4378440493271549,
        "pvalue": 0.9413026912423755
    },
    "brazil": {
        "correlation": 0.7612765882773649,
        "pvalue": 0.9992189783692118
    },
    "brunei": {
        "correlation": 0.7311306261318721,
        "pvalue": 0.9985160040618806
    },
    "bulgaria": {
        "correlation": 0.9349509541440143,
        "pvalue": 0.9999995251178093
    },
    "burkina faso": {
        "correlation": 0.13230502361789132,
        "pvalue": 0.6739608410128293
    },
    "cambodia": {
        "correlation": 0.9812033468396312,
        "pvalue": 0.9999999996942351
    },
    "cameroon": {
        "correlation": 0.9658266724106065,
        "pvalue": 0.9999999893200869
    },
    "canada": {
        "correlation": -0.9458615504882883,
        "pvalue": 1.6164844701740788e-07
    },
    "central african republic": {
        "correlation": 0.13608941411051234,
        "pvalue": 0.6786381357460024
    },
    "chad": {
        "correlation": 0.9349291105881459,
        "pvalue": 0.9999995241830637
    },
    "chile": {
        "correlation": 0.9501713566846862,
        "pvalue": 0.9999999008014677
    },
    "china": {
        "correlation": 0.977975940676917,
        "pvalue": 0.9999999992142926
    },
    "colombia": {
        "correlation": -0.4589402118664026,
        "pvalue": 0.04940011502574975
    },
    "congo": {
        "correlation": 0.8473637969843049,
        "pvalue": 0.999934844805273
    },
    "costa rica": {
        "correlation": 0.7117358419778226,
        "pvalue": 0.9978486831263328
    },
    "cote d'ivoire": {
        "correlation": 0.1555617013244156,
        "pvalue": 0.7023053810847786
    },
    "croatia": {
        "correlation": -0.86504636484705,
        "pvalue": 3.239991619560916e-05
    },
    "cuba": {
        "correlation": 0.902871957060989,
        "pvalue": 0.9999950979662002
    },
    "cyprus": {
        "correlation": -0.12168409617268085,
        "pvalue": 0.33929177265287397
    },
    "czechia": {
        "correlation": -0.5159870831832531,
        "pvalue": 0.02946125025107334
    },
    "denmark": {
        "correlation": -0.9460951819631991,
        "pvalue": 1.5758841423774077e-07
    },
    "djibouti": {
        "correlation": 0.18445583095829574,
        "pvalue": 0.7360704373155975
    },
    "dominica": {
        "correlation": 0.6968030695978974,
        "pvalue": 0.9971905317398903
    },
    "dominican republic": {
        "correlation": -0.5644986892944991,
        "pvalue": 0.017731870629723156
    },
    "ecuador": {
        "correlation": 0.9327504165061338,
        "pvalue": 0.9999994230003248
    },
    "egypt": {
        "correlation": -0.21625676632928773,
        "pvalue": 0.22886973351200546
    },
    "el salvador": {
        "correlation": -0.6104332283610246,
        "pvalue": 0.010210571185404738
    },
    "estonia": {
        "correlation": 0.9790985022642409,
        "pvalue": 0.9999999994245672
    },
    "eswatini": {
        "correlation": -0.23956043956043957,
        "pvalue": 0.2047149464258663
    },
    "ethiopia": {
        "correlation": 0.9450098943850063,
        "pvalue": 0.9999998228120879
    },
    "fiji": {
        "correlation": 0.8285418507294635,
        "pvalue": 0.9998746116443091
    },
    "finland": {
        "correlation": -0.8089208468869612,
        "pvalue": 0.00022958541460239062
    },
    "france": {
        "correlation": -0.7687385966526075,
        "pvalue": 0.0006569790173817107
    },
    "french polynesia": {
        "correlation": -0.5812004962995432,
        "pvalue": 0.014635982924263453
    },
    "gabon": {
        "correlation": 0.7971338913279745,
        "pvalue": 0.9996800782591267
    },
    "gambia": {
        "correlation": -0.636938702486765,
        "pvalue": 0.007149230796947213
    },
    "georgia": {
        "correlation": 0.8243098954916803,
        "pvalue": 0.9998562629368666
    },
    "germany": {
        "correlation": -0.037527593818984545,
        "pvalue": 0.4493248382483145
    },
    "ghana": {
        "correlation": -0.3322534012008262,
        "pvalue": 0.12289783290798606
    },
    "greece": {
        "correlation": -0.7198232542340561,
        "pvalue": 0.0018492962524834433
    },
    "grenada": {
        "correlation": 0.7964679739199663,
        "pvalue": 0.9996742304275941
    },
    "guatemala": {
        "correlation": 0.5161548980973413,
        "pvalue": 0.9705870333680208
    },
    "guinea": {
        "correlation": 0.6163124872943337,
        "pvalue": 0.9905409818694538
    },
    "guinea-bissau": {
        "correlation": 0.1562690769794985,
        "pvalue": 0.7031519716981827
    },
    "guyana": {
        "correlation": 0.560224072543881,
        "pvalue": 0.9814034418600993
    },
    "haiti": {
        "correlation": 0.39801567741272303,
        "pvalue": 0.9206466591493733
    },
    "honduras": {
        "correlation": 0.8885231362275015,
        "pvalue": 0.9999891483351115
    },
    "hungary": {
        "correlation": -0.6574344023641437,
        "pvalue": 0.005307659893708124
    },
    "iceland": {
        "correlation": 0.42746636792574466,
        "pvalue": 0.9363192702294645
    },
    "india": {
        "correlation": 0.36611612320911074,
        "pvalue": 0.9010274453346225
    },
    "indonesia": {
        "correlation": 0.8423611577687296,
        "pvalue": 0.9999218321331867
    },
    "iran": {
        "correlation": NaN,
        "pvalue": NaN
    },
    "iraq": {
        "correlation": 0.5702349470051219,
        "pvalue": 0.9833813182615933
    },
    "ireland": {
        "correlation": -0.5918595440653501,
        "pvalue": 0.01288313919050697
    },
    "israel": {
        "correlation": 0.5250865487411611,
        "pvalue": 0.9730755176659728
    },
    "italy": {
        "correlation": -0.9702976168506299,
        "pvalue": 4.649491444096812e-09
    },